device,program,run,id,value,feature_size,mem_us,time_usr,time_sys,cpu_perc,size_delta,mem_delta,time_delta,size_diff,mem_diff,time_diff
laptop,harness,0,7-10,vary,696048,12656,0.71,0,100,25.21,-87.93,-13.41,-140152,92160,0.11
laptop,harness,2,7-10,vary,696048,12656,0.71,0,100,25.21,-87.93,-13.41,-140152,92160,0.11
laptop,harness,4,7-10,vary,696048,12656,0.71,0,100,25.21,-87.93,-13.41,-140152,92160,0.11
laptop,harness,5,7-10,vary,696048,12656,0.71,0,99,25.21,-87.93,-13.41,-140152,92160,0.11
laptop,harness,7,7-10,vary,696048,12656,0.71,0,100,25.21,-87.93,-13.41,-140152,92160,0.11
laptop,harness,9,7-10,vary,696048,12656,0.71,0,100,25.21,-87.93,-13.41,-140152,92160,0.11
laptop,harness,3,7-10,vary,696048,12656,0.72,0,100,25.21,-87.93,-12.20,-140152,92160,0.1
laptop,harness,6,7-10,vary,696048,12656,0.72,0,100,25.21,-87.93,-12.20,-140152,92160,0.1
laptop,harness,1,7-10,vary,696048,12656,0.73,0,100,25.21,-87.93,-10.98,-140152,92160,0.09
laptop,harness,8,7-10,vary,696048,12656,0.73,0,100,25.21,-87.93,-10.98,-140152,92160,0.09
laptop,harness,8,5,true,555896,65584,0.69,0,100,0.00,-37.43,-15.85,0,39232,0.13
laptop,harness,3,5,true,555896,65584,0.7,0,100,0.00,-37.43,-14.63,0,39232,0.12
laptop,harness,7,5,true,555896,65584,0.7,0,100,0.00,-37.43,-14.63,0,39232,0.12
laptop,harness,5,5,true,555896,65584,0.71,0,100,0.00,-37.43,-13.41,0,39232,0.11
laptop,harness,6,5,true,555896,65584,0.71,0,100,0.00,-37.43,-13.41,0,39232,0.11
laptop,harness,2,5,true,555896,65584,0.72,0,100,0.00,-37.43,-12.20,0,39232,0.1
laptop,harness,9,5,true,555896,65584,0.73,0,100,0.00,-37.43,-10.98,0,39232,0.09
laptop,harness,0,5,true,555896,65584,0.74,0,99,0.00,-37.43,-9.76,0,39232,0.08
laptop,harness,1,5,true,555896,65584,0.75,0,100,0.00,-37.43,-8.54,0,39232,0.07
laptop,harness,4,5,true,555896,65584,0.75,0,100,0.00,-37.43,-8.54,0,39232,0.07
laptop,harness,8,43,false,532664,82400,0.69,0,100,-4.18,-21.39,-15.85,23232,22416,0.13
laptop,harness,1,43,false,532664,82400,0.7,0,100,-4.18,-21.39,-14.63,23232,22416,0.12
laptop,harness,3,43,false,532664,82400,0.7,0,100,-4.18,-21.39,-14.63,23232,22416,0.12
laptop,harness,5,43,false,532664,82400,0.7,0,100,-4.18,-21.39,-14.63,23232,22416,0.12
laptop,harness,9,43,false,532664,82400,0.7,0,99,-4.18,-21.39,-14.63,23232,22416,0.12
laptop,harness,0,43,false,532664,82400,0.71,0,100,-4.18,-21.39,-13.41,23232,22416,0.11
laptop,harness,4,43,false,532664,82400,0.71,0,100,-4.18,-21.39,-13.41,23232,22416,0.11
laptop,harness,6,43,false,532664,82400,0.71,0,100,-4.18,-21.39,-13.41,23232,22416,0.11
laptop,harness,7,43,false,532664,82400,0.71,0,100,-4.18,-21.39,-13.41,23232,22416,0.11
laptop,harness,2,43,false,532664,82400,0.72,0,100,-4.18,-21.39,-12.20,23232,22416,0.1
laptop,harness,3,19,false,555280,93152,0.69,0,99,-0.11,-11.13,-15.85,616,11664,0.13
laptop,harness,5,19,false,555280,93152,0.69,0,99,-0.11,-11.13,-15.85,616,11664,0.13
laptop,harness,6,19,false,555280,93152,0.69,0,100,-0.11,-11.13,-15.85,616,11664,0.13
laptop,harness,8,19,false,555280,93152,0.69,0,100,-0.11,-11.13,-15.85,616,11664,0.13
laptop,harness,0,19,false,555280,93152,0.71,0,100,-0.11,-11.13,-13.41,616,11664,0.11
laptop,harness,1,19,false,555280,93152,0.71,0,100,-0.11,-11.13,-13.41,616,11664,0.11
laptop,harness,4,19,false,555280,93152,0.71,0,100,-0.11,-11.13,-13.41,616,11664,0.11
laptop,harness,2,19,false,555280,93152,0.72,0,100,-0.11,-11.13,-12.20,616,11664,0.1
laptop,harness,7,19,false,555280,93152,0.72,0,99,-0.11,-11.13,-12.20,616,11664,0.1
laptop,harness,9,19,false,555280,93152,0.72,0,99,-0.11,-11.13,-12.20,616,11664,0.1
laptop,harness,0,32_34,false,519208,96656,0.71,0,100,-6.60,-7.79,-13.41,36688,8160,0.11
laptop,harness,8,32_34,false,519208,96656,0.71,0,100,-6.60,-7.79,-13.41,36688,8160,0.11
laptop,harness,1,32_34,false,519208,96656,0.72,0,100,-6.60,-7.79,-12.20,36688,8160,0.1
laptop,harness,3,32_34,false,519208,96656,0.72,0,99,-6.60,-7.79,-12.20,36688,8160,0.1
laptop,harness,4,32_34,false,519208,96656,0.72,0,100,-6.60,-7.79,-12.20,36688,8160,0.1
laptop,harness,5,32_34,false,519208,96656,0.72,0,100,-6.60,-7.79,-12.20,36688,8160,0.1
laptop,harness,6,32_34,false,519208,96656,0.72,0,100,-6.60,-7.79,-12.20,36688,8160,0.1
laptop,harness,9,32_34,false,519208,96656,0.72,0,99,-6.60,-7.79,-12.20,36688,8160,0.1
laptop,harness,2,32_34,false,519208,96656,0.73,0,100,-6.60,-7.79,-10.98,36688,8160,0.09
laptop,harness,7,32_34,false,519208,96656,0.73,0,100,-6.60,-7.79,-10.98,36688,8160,0.09
laptop,harness,3,72_73,128,555736,97648,0.69,0,99,-0.03,-6.84,-15.85,160,7168,0.13
laptop,harness,5,72_73,128,555736,97648,0.69,0,100,-0.03,-6.84,-15.85,160,7168,0.13
laptop,harness,8,72_73,128,555736,97648,0.69,0,100,-0.03,-6.84,-15.85,160,7168,0.13
laptop,harness,2,72_73,128,555736,97648,0.7,0,100,-0.03,-6.84,-14.63,160,7168,0.12
laptop,harness,6,72_73,128,555736,97648,0.7,0,100,-0.03,-6.84,-14.63,160,7168,0.12
laptop,harness,1,72_73,128,555736,97648,0.71,0,100,-0.03,-6.84,-13.41,160,7168,0.11
laptop,harness,7,72_73,128,555736,97648,0.71,0,100,-0.03,-6.84,-13.41,160,7168,0.11
laptop,harness,0,72_73,128,555736,97648,0.72,0,100,-0.03,-6.84,-12.20,160,7168,0.1
laptop,harness,9,72_73,128,555736,97648,0.73,0,100,-0.03,-6.84,-10.98,160,7168,0.09
laptop,harness,4,72_73,128,555736,97648,0.74,0,100,-0.03,-6.84,-9.76,160,7168,0.08
laptop,harness,5,29,false,549800,97696,0.69,0,98,-1.10,-6.79,-15.85,6096,7120,0.13
laptop,harness,0,29,false,549800,97696,0.7,0,98,-1.10,-6.79,-14.63,6096,7120,0.12
laptop,harness,2,29,false,549800,97696,0.7,0,100,-1.10,-6.79,-14.63,6096,7120,0.12
laptop,harness,4,29,false,549800,97696,0.7,0,100,-1.10,-6.79,-14.63,6096,7120,0.12
laptop,harness,1,29,false,549800,97696,0.71,0,100,-1.10,-6.79,-13.41,6096,7120,0.11
laptop,harness,3,29,false,549800,97696,0.71,0,100,-1.10,-6.79,-13.41,6096,7120,0.11
laptop,harness,6,29,false,549800,97696,0.71,0,99,-1.10,-6.79,-13.41,6096,7120,0.11
laptop,harness,9,29,false,549800,97696,0.71,0,100,-1.10,-6.79,-13.41,6096,7120,0.11
laptop,harness,8,29,false,549800,97696,0.72,0,100,-1.10,-6.79,-12.20,6096,7120,0.1
laptop,harness,7,29,false,549800,97696,0.74,0,100,-1.10,-6.79,-9.76,6096,7120,0.08
laptop,harness,4,34,false,546280,98384,0.7,0,100,-1.73,-6.14,-14.63,9616,6432,0.12
laptop,harness,3,34,false,546280,98384,0.71,0,100,-1.73,-6.14,-13.41,9616,6432,0.11
laptop,harness,6,34,false,546280,98384,0.71,0,100,-1.73,-6.14,-13.41,9616,6432,0.11
laptop,harness,8,34,false,546280,98384,0.71,0,100,-1.73,-6.14,-13.41,9616,6432,0.11
laptop,harness,1,34,false,546280,98384,0.72,0,100,-1.73,-6.14,-12.20,9616,6432,0.1
laptop,harness,2,34,false,546280,98384,0.72,0,100,-1.73,-6.14,-12.20,9616,6432,0.1
laptop,harness,7,34,false,546280,98384,0.72,0,99,-1.73,-6.14,-12.20,9616,6432,0.1
laptop,harness,9,34,false,546280,98384,0.72,0,100,-1.73,-6.14,-12.20,9616,6432,0.1
laptop,harness,0,34,false,546280,98384,0.75,0,100,-1.73,-6.14,-8.54,9616,6432,0.07
laptop,harness,5,34,false,546280,98384,0.75,0,100,-1.73,-6.14,-8.54,9616,6432,0.07
laptop,harness,2,31,false,555144,99120,0.7,0,100,-0.14,-5.43,-14.63,752,5696,0.12
laptop,harness,3,31,false,555144,99120,0.7,0,100,-0.14,-5.43,-14.63,752,5696,0.12
laptop,harness,4,31,false,555144,99120,0.7,0,100,-0.14,-5.43,-14.63,752,5696,0.12
laptop,harness,7,31,false,555144,99120,0.7,0,100,-0.14,-5.43,-14.63,752,5696,0.12
laptop,harness,9,31,false,555144,99120,0.7,0,100,-0.14,-5.43,-14.63,752,5696,0.12
laptop,harness,5,31,false,555144,99120,0.71,0,99,-0.14,-5.43,-13.41,752,5696,0.11
laptop,harness,6,31,false,555144,99120,0.71,0,99,-0.14,-5.43,-13.41,752,5696,0.11
laptop,harness,8,31,false,555144,99120,0.71,0,100,-0.14,-5.43,-13.41,752,5696,0.11
laptop,harness,1,31,false,555144,99120,0.73,0,100,-0.14,-5.43,-10.98,752,5696,0.09
laptop,harness,0,31,false,555144,99120,0.75,0,100,-0.14,-5.43,-8.54,752,5696,0.07
laptop,harness,9,15,false,546424,99728,0.68,0,100,-1.70,-4.85,-17.07,9472,5088,0.14
laptop,harness,0,15,false,546424,99728,0.69,0,100,-1.70,-4.85,-15.85,9472,5088,0.13
laptop,harness,1,15,false,546424,99728,0.69,0,100,-1.70,-4.85,-15.85,9472,5088,0.13
laptop,harness,3,15,false,546424,99728,0.69,0,100,-1.70,-4.85,-15.85,9472,5088,0.13
laptop,harness,5,15,false,546424,99728,0.69,0,100,-1.70,-4.85,-15.85,9472,5088,0.13
laptop,harness,7,15,false,546424,99728,0.69,0,100,-1.70,-4.85,-15.85,9472,5088,0.13
laptop,harness,4,15,false,546424,99728,0.71,0,100,-1.70,-4.85,-13.41,9472,5088,0.11
laptop,harness,6,15,false,546424,99728,0.71,0,100,-1.70,-4.85,-13.41,9472,5088,0.11
laptop,harness,8,15,false,546424,99728,0.71,0,100,-1.70,-4.85,-13.41,9472,5088,0.11
laptop,harness,2,15,false,546424,99728,0.72,0,100,-1.70,-4.85,-12.20,9472,5088,0.1
laptop,harness,1,44,false,550952,100720,0.7,0,100,-0.89,-3.91,-14.63,4944,4096,0.12
laptop,harness,5,44,false,550952,100720,0.7,0,100,-0.89,-3.91,-14.63,4944,4096,0.12
laptop,harness,7,44,false,550952,100720,0.7,0,100,-0.89,-3.91,-14.63,4944,4096,0.12
laptop,harness,9,44,false,550952,100720,0.7,0,100,-0.89,-3.91,-14.63,4944,4096,0.12
laptop,harness,0,44,false,550952,100720,0.71,0,100,-0.89,-3.91,-13.41,4944,4096,0.11
laptop,harness,8,44,false,550952,100720,0.72,0,100,-0.89,-3.91,-12.20,4944,4096,0.1
laptop,harness,2,44,false,550952,100720,0.73,0,100,-0.89,-3.91,-10.98,4944,4096,0.09
laptop,harness,3,44,false,550952,100720,0.73,0,100,-0.89,-3.91,-10.98,4944,4096,0.09
laptop,harness,4,44,false,550952,100720,0.73,0,100,-0.89,-3.91,-10.98,4944,4096,0.09
laptop,harness,6,44,false,550952,100720,0.74,0,100,-0.89,-3.91,-9.76,4944,4096,0.08
laptop,harness,1,63,64,555896,100832,0.69,0,98,0.00,-3.80,-15.85,0,3984,0.13
laptop,harness,5,63,64,555896,100832,0.69,0,100,0.00,-3.80,-15.85,0,3984,0.13
laptop,harness,8,63,64,555896,100832,0.69,0,100,0.00,-3.80,-15.85,0,3984,0.13
laptop,harness,9,63,64,555896,100832,0.69,0,100,0.00,-3.80,-15.85,0,3984,0.13
laptop,harness,6,63,64,555896,100832,0.7,0,100,0.00,-3.80,-14.63,0,3984,0.12
laptop,harness,0,63,64,555896,100832,0.71,0,100,0.00,-3.80,-13.41,0,3984,0.11
laptop,harness,2,63,64,555896,100832,0.71,0,100,0.00,-3.80,-13.41,0,3984,0.11
laptop,harness,4,63,64,555896,100832,0.71,0,99,0.00,-3.80,-13.41,0,3984,0.11
laptop,harness,7,63,64,555896,100832,0.71,0,100,0.00,-3.80,-13.41,0,3984,0.11
laptop,harness,3,63,64,555896,100832,0.72,0,100,0.00,-3.80,-12.20,0,3984,0.1
laptop,harness,3,42,false,555536,101568,0.68,0,100,-0.06,-3.10,-17.07,360,3248,0.14
laptop,harness,0,42,false,555536,101568,0.69,0,100,-0.06,-3.10,-15.85,360,3248,0.13
laptop,harness,5,42,false,555536,101568,0.69,0,99,-0.06,-3.10,-15.85,360,3248,0.13
laptop,harness,7,42,false,555536,101568,0.69,0,99,-0.06,-3.10,-15.85,360,3248,0.13
laptop,harness,1,42,false,555536,101568,0.71,0,100,-0.06,-3.10,-13.41,360,3248,0.11
laptop,harness,2,42,false,555536,101568,0.71,0,100,-0.06,-3.10,-13.41,360,3248,0.11
laptop,harness,4,42,false,555536,101568,0.71,0,100,-0.06,-3.10,-13.41,360,3248,0.11
laptop,harness,6,42,false,555536,101568,0.71,0,100,-0.06,-3.10,-13.41,360,3248,0.11
laptop,harness,8,42,false,555536,101568,0.71,0,100,-0.06,-3.10,-13.41,360,3248,0.11
laptop,harness,9,42,false,555536,101568,0.71,0,98,-0.06,-3.10,-13.41,360,3248,0.11
laptop,harness,1,24,false,555320,102192,0.71,0,99,-0.10,-2.50,-13.41,576,2624,0.11
laptop,harness,0,24,false,555320,102192,0.72,0,99,-0.10,-2.50,-12.20,576,2624,0.1
laptop,harness,9,24,false,555320,102192,0.72,0,100,-0.10,-2.50,-12.20,576,2624,0.1
laptop,harness,2,24,false,555320,102192,0.77,0,99,-0.10,-2.50,-6.10,576,2624,0.05
laptop,harness,4,24,false,555320,102192,0.77,0,99,-0.10,-2.50,-6.10,576,2624,0.05
laptop,harness,3,24,false,555320,102192,0.78,0,99,-0.10,-2.50,-4.88,576,2624,0.04
laptop,harness,8,24,false,555320,102192,0.78,0,100,-0.10,-2.50,-4.88,576,2624,0.04
laptop,harness,5,24,false,555320,102192,0.8,0,99,-0.10,-2.50,-2.44,576,2624,0.02
laptop,harness,6,24,false,555320,102192,0.8,0,100,-0.10,-2.50,-2.44,576,2624,0.02
laptop,harness,7,24,false,555320,102192,0.8,0,99,-0.10,-2.50,-2.44,576,2624,0.02
laptop,harness,6,49,false,555680,102192,0.69,0,98,-0.04,-2.50,-15.85,216,2624,0.13
laptop,harness,2,49,false,555680,102192,0.7,0,100,-0.04,-2.50,-14.63,216,2624,0.12
laptop,harness,4,49,false,555680,102192,0.7,0,100,-0.04,-2.50,-14.63,216,2624,0.12
laptop,harness,7,49,false,555680,102192,0.7,0,99,-0.04,-2.50,-14.63,216,2624,0.12
laptop,harness,9,49,false,555680,102192,0.7,0,100,-0.04,-2.50,-14.63,216,2624,0.12
laptop,harness,0,49,false,555680,102192,0.71,0,100,-0.04,-2.50,-13.41,216,2624,0.11
laptop,harness,5,49,false,555680,102192,0.71,0,100,-0.04,-2.50,-13.41,216,2624,0.11
laptop,harness,1,49,false,555680,102192,0.72,0,100,-0.04,-2.50,-12.20,216,2624,0.1
laptop,harness,3,49,false,555680,102192,0.72,0,100,-0.04,-2.50,-12.20,216,2624,0.1
laptop,harness,8,49,false,555680,102192,0.72,0,100,-0.04,-2.50,-12.20,216,2624,0.1
laptop,harness,7,30,false,555432,102640,0.69,0,99,-0.08,-2.08,-15.85,464,2176,0.13
laptop,harness,2,30,false,555432,102640,0.7,0,99,-0.08,-2.08,-14.63,464,2176,0.12
laptop,harness,3,30,false,555432,102640,0.7,0,100,-0.08,-2.08,-14.63,464,2176,0.12
laptop,harness,5,30,false,555432,102640,0.7,0,99,-0.08,-2.08,-14.63,464,2176,0.12
laptop,harness,9,30,false,555432,102640,0.7,0,100,-0.08,-2.08,-14.63,464,2176,0.12
laptop,harness,0,30,false,555432,102640,0.71,0,99,-0.08,-2.08,-13.41,464,2176,0.11
laptop,harness,8,30,false,555432,102640,0.71,0,100,-0.08,-2.08,-13.41,464,2176,0.11
laptop,harness,1,30,false,555432,102640,0.72,0,99,-0.08,-2.08,-12.20,464,2176,0.1
laptop,harness,4,30,false,555432,102640,0.73,0,100,-0.08,-2.08,-10.98,464,2176,0.09
laptop,harness,6,30,false,555432,102640,0.73,0,100,-0.08,-2.08,-10.98,464,2176,0.09
laptop,harness,4,55,false,555424,102768,0.7,0,100,-0.08,-1.95,-14.63,472,2048,0.12
laptop,harness,7,55,false,555424,102768,0.7,0,100,-0.08,-1.95,-14.63,472,2048,0.12
laptop,harness,1,55,false,555424,102768,0.71,0,99,-0.08,-1.95,-13.41,472,2048,0.11
laptop,harness,5,55,false,555424,102768,0.71,0,100,-0.08,-1.95,-13.41,472,2048,0.11
laptop,harness,2,55,false,555424,102768,0.72,0,99,-0.08,-1.95,-12.20,472,2048,0.1
laptop,harness,6,55,false,555424,102768,0.72,0,99,-0.08,-1.95,-12.20,472,2048,0.1
laptop,harness,9,55,false,555424,102768,0.72,0,100,-0.08,-1.95,-12.20,472,2048,0.1
laptop,harness,8,55,false,555424,102768,0.73,0,100,-0.08,-1.95,-10.98,472,2048,0.09
laptop,harness,0,55,false,555424,102768,0.74,0,100,-0.08,-1.95,-9.76,472,2048,0.08
laptop,harness,3,55,false,555424,102768,0.78,0,100,-0.08,-1.95,-4.88,472,2048,0.04
laptop,harness,1,13,false,555896,103440,0.69,0,100,0.00,-1.31,-15.85,0,1376,0.13
laptop,harness,5,13,false,555896,103440,0.69,0,100,0.00,-1.31,-15.85,0,1376,0.13
laptop,harness,8,13,false,555896,103440,0.69,0,100,0.00,-1.31,-15.85,0,1376,0.13
laptop,harness,0,13,false,555896,103440,0.71,0,100,0.00,-1.31,-13.41,0,1376,0.11
laptop,harness,2,13,false,555896,103440,0.71,0,99,0.00,-1.31,-13.41,0,1376,0.11
laptop,harness,3,13,false,555896,103440,0.71,0,100,0.00,-1.31,-13.41,0,1376,0.11
laptop,harness,4,13,false,555896,103440,0.71,0,100,0.00,-1.31,-13.41,0,1376,0.11
laptop,harness,6,13,false,555896,103440,0.71,0,100,0.00,-1.31,-13.41,0,1376,0.11
laptop,harness,7,13,false,555896,103440,0.71,0,100,0.00,-1.31,-13.41,0,1376,0.11
laptop,harness,9,13,false,555896,103440,0.71,0,100,0.00,-1.31,-13.41,0,1376,0.11
laptop,harness,9,22,false,555728,103616,0.7,0,100,-0.03,-1.14,-14.63,168,1200,0.12
laptop,harness,1,22,false,555728,103616,0.71,0,100,-0.03,-1.14,-13.41,168,1200,0.11
laptop,harness,4,22,false,555728,103616,0.71,0,100,-0.03,-1.14,-13.41,168,1200,0.11
laptop,harness,6,22,false,555728,103616,0.71,0,100,-0.03,-1.14,-13.41,168,1200,0.11
laptop,harness,7,22,false,555728,103616,0.72,0,99,-0.03,-1.14,-12.20,168,1200,0.1
laptop,harness,8,22,false,555728,103616,0.72,0,100,-0.03,-1.14,-12.20,168,1200,0.1
laptop,harness,0,22,false,555728,103616,0.73,0,100,-0.03,-1.14,-10.98,168,1200,0.09
laptop,harness,2,22,false,555728,103616,0.73,0,100,-0.03,-1.14,-10.98,168,1200,0.09
laptop,harness,5,22,false,555728,103616,0.73,0,100,-0.03,-1.14,-10.98,168,1200,0.09
laptop,harness,3,22,false,555728,103616,0.75,0,100,-0.03,-1.14,-8.54,168,1200,0.07
laptop,harness,1,53,false,555768,103808,0.7,0,100,-0.02,-0.96,-14.63,128,1008,0.12
laptop,harness,3,53,false,555768,103808,0.7,0,100,-0.02,-0.96,-14.63,128,1008,0.12
laptop,harness,4,53,false,555768,103808,0.7,0,100,-0.02,-0.96,-14.63,128,1008,0.12
laptop,harness,8,53,false,555768,103808,0.7,0,100,-0.02,-0.96,-14.63,128,1008,0.12
laptop,harness,9,53,false,555768,103808,0.7,0,100,-0.02,-0.96,-14.63,128,1008,0.12
laptop,harness,0,53,false,555768,103808,0.72,0,100,-0.02,-0.96,-12.20,128,1008,0.1
laptop,harness,2,53,false,555768,103808,0.72,0,100,-0.02,-0.96,-12.20,128,1008,0.1
laptop,harness,5,53,false,555768,103808,0.72,0,99,-0.02,-0.96,-12.20,128,1008,0.1
laptop,harness,6,53,false,555768,103808,0.72,0,100,-0.02,-0.96,-12.20,128,1008,0.1
laptop,harness,7,53,false,555768,103808,0.74,0,99,-0.02,-0.96,-9.76,128,1008,0.08
laptop,harness,1,81,false,551568,103872,0.69,0,100,-0.78,-0.90,-15.85,4328,944,0.13
laptop,harness,3,81,false,551568,103872,0.69,0,100,-0.78,-0.90,-15.85,4328,944,0.13
laptop,harness,4,81,false,551568,103872,0.69,0,100,-0.78,-0.90,-15.85,4328,944,0.13
laptop,harness,7,81,false,551568,103872,0.69,0,100,-0.78,-0.90,-15.85,4328,944,0.13
laptop,harness,9,81,false,551568,103872,0.69,0,100,-0.78,-0.90,-15.85,4328,944,0.13
laptop,harness,0,81,false,551568,103872,0.71,0,100,-0.78,-0.90,-13.41,4328,944,0.11
laptop,harness,2,81,false,551568,103872,0.71,0,100,-0.78,-0.90,-13.41,4328,944,0.11
laptop,harness,5,81,false,551568,103872,0.71,0,100,-0.78,-0.90,-13.41,4328,944,0.11
laptop,harness,6,81,false,551568,103872,0.72,0,100,-0.78,-0.90,-12.20,4328,944,0.1
laptop,harness,8,81,false,551568,103872,0.72,0,100,-0.78,-0.90,-12.20,4328,944,0.1
laptop,harness,9,18,false,555776,104080,0.68,0,98,-0.02,-0.70,-17.07,120,736,0.14
laptop,harness,0,18,false,555776,104080,0.69,0,99,-0.02,-0.70,-15.85,120,736,0.13
laptop,harness,1,18,false,555776,104080,0.69,0,100,-0.02,-0.70,-15.85,120,736,0.13
laptop,harness,7,18,false,555776,104080,0.69,0,99,-0.02,-0.70,-15.85,120,736,0.13
laptop,harness,4,18,false,555776,104080,0.7,0,100,-0.02,-0.70,-14.63,120,736,0.12
laptop,harness,2,18,false,555776,104080,0.71,0,100,-0.02,-0.70,-13.41,120,736,0.11
laptop,harness,3,18,false,555776,104080,0.71,0,100,-0.02,-0.70,-13.41,120,736,0.11
laptop,harness,5,18,false,555776,104080,0.71,0,99,-0.02,-0.70,-13.41,120,736,0.11
laptop,harness,8,18,false,555776,104080,0.71,0,100,-0.02,-0.70,-13.41,120,736,0.11
laptop,harness,6,18,false,555776,104080,0.72,0,100,-0.02,-0.70,-12.20,120,736,0.1
laptop,harness,0,26,false,555792,104160,0.72,0,98,-0.02,-0.63,-12.20,104,656,0.1
laptop,harness,1,26,false,555792,104160,0.74,0,100,-0.02,-0.63,-9.76,104,656,0.08
laptop,harness,2,26,false,555792,104160,0.83,0,98,-0.02,-0.63,1.22,104,656,-0.01
laptop,harness,4,26,false,555792,104160,0.83,0,99,-0.02,-0.63,1.22,104,656,-0.01
laptop,harness,6,26,false,555792,104160,0.83,0,100,-0.02,-0.63,1.22,104,656,-0.01
laptop,harness,9,26,false,555792,104160,0.83,0,99,-0.02,-0.63,1.22,104,656,-0.01
laptop,harness,5,26,false,555792,104160,0.86,0,100,-0.02,-0.63,4.88,104,656,-0.04
laptop,harness,7,26,false,555792,104160,0.89,0,99,-0.02,-0.63,8.54,104,656,-0.07
laptop,harness,3,26,false,555792,104160,0.9,0,100,-0.02,-0.63,9.76,104,656,-0.08
laptop,harness,8,26,false,555792,104160,0.96,0,100,-0.02,-0.63,17.07,104,656,-0.14
laptop,harness,4,26_27,false,537264,104160,0.7,0,98,-3.35,-0.63,-14.63,18632,656,0.12
laptop,harness,0,26_27,false,537264,104160,0.71,0,100,-3.35,-0.63,-13.41,18632,656,0.11
laptop,harness,2,26_27,false,537264,104160,0.71,0,100,-3.35,-0.63,-13.41,18632,656,0.11
laptop,harness,5,26_27,false,537264,104160,0.71,0,100,-3.35,-0.63,-13.41,18632,656,0.11
laptop,harness,7,26_27,false,537264,104160,0.71,0,99,-3.35,-0.63,-13.41,18632,656,0.11
laptop,harness,9,26_27,false,537264,104160,0.71,0,99,-3.35,-0.63,-13.41,18632,656,0.11
laptop,harness,1,26_27,false,537264,104160,0.72,0,99,-3.35,-0.63,-12.20,18632,656,0.1
laptop,harness,6,26_27,false,537264,104160,0.72,0,100,-3.35,-0.63,-12.20,18632,656,0.1
laptop,harness,8,26_27,false,537264,104160,0.72,0,100,-3.35,-0.63,-12.20,18632,656,0.1
laptop,harness,3,26_27,false,537264,104160,0.75,0,100,-3.35,-0.63,-8.54,18632,656,0.07
laptop,harness,3,82,false,555848,104304,0.69,0,100,-0.01,-0.49,-15.85,48,512,0.13
laptop,harness,5,82,false,555848,104304,0.69,0,100,-0.01,-0.49,-15.85,48,512,0.13
laptop,harness,7,82,false,555848,104304,0.69,0,99,-0.01,-0.49,-15.85,48,512,0.13
laptop,harness,8,82,false,555848,104304,0.69,0,100,-0.01,-0.49,-15.85,48,512,0.13
laptop,harness,1,82,false,555848,104304,0.7,0,100,-0.01,-0.49,-14.63,48,512,0.12
laptop,harness,0,82,false,555848,104304,0.71,0,100,-0.01,-0.49,-13.41,48,512,0.11
laptop,harness,2,82,false,555848,104304,0.71,0,100,-0.01,-0.49,-13.41,48,512,0.11
laptop,harness,4,82,false,555848,104304,0.71,0,100,-0.01,-0.49,-13.41,48,512,0.11
laptop,harness,6,82,false,555848,104304,0.71,0,100,-0.01,-0.49,-13.41,48,512,0.11
laptop,harness,9,82,false,555848,104304,0.71,0,100,-0.01,-0.49,-13.41,48,512,0.11
laptop,harness,1,77,false,555896,104352,0.69,0,100,0.00,-0.44,-15.85,0,464,0.13
laptop,harness,2,77,false,555896,104352,0.69,0,100,0.00,-0.44,-15.85,0,464,0.13
laptop,harness,4,77,false,555896,104352,0.69,0,100,0.00,-0.44,-15.85,0,464,0.13
laptop,harness,5,77,false,555896,104352,0.69,0,100,0.00,-0.44,-15.85,0,464,0.13
laptop,harness,7,77,false,555896,104352,0.69,0,100,0.00,-0.44,-15.85,0,464,0.13
laptop,harness,0,77,false,555896,104352,0.71,0,100,0.00,-0.44,-13.41,0,464,0.11
laptop,harness,3,77,false,555896,104352,0.71,0,100,0.00,-0.44,-13.41,0,464,0.11
laptop,harness,6,77,false,555896,104352,0.72,0,100,0.00,-0.44,-12.20,0,464,0.1
laptop,harness,9,77,false,555896,104352,0.72,0,100,0.00,-0.44,-12.20,0,464,0.1
laptop,harness,8,77,false,555896,104352,0.74,0,100,0.00,-0.44,-9.76,0,464,0.08
laptop,harness,0,76,false,555896,104384,0.68,0,98,0.00,-0.41,-17.07,0,432,0.14
laptop,harness,3,76,false,555896,104384,0.69,0,100,0.00,-0.41,-15.85,0,432,0.13
laptop,harness,5,76,false,555896,104384,0.7,0,100,0.00,-0.41,-14.63,0,432,0.12
laptop,harness,7,76,false,555896,104384,0.7,0,100,0.00,-0.41,-14.63,0,432,0.12
laptop,harness,1,76,false,555896,104384,0.71,0,100,0.00,-0.41,-13.41,0,432,0.11
laptop,harness,2,76,false,555896,104384,0.71,0,100,0.00,-0.41,-13.41,0,432,0.11
laptop,harness,4,76,false,555896,104384,0.71,0,100,0.00,-0.41,-13.41,0,432,0.11
laptop,harness,6,76,false,555896,104384,0.71,0,99,0.00,-0.41,-13.41,0,432,0.11
laptop,harness,8,76,false,555896,104384,0.71,0,100,0.00,-0.41,-13.41,0,432,0.11
laptop,harness,9,76,false,555896,104384,0.72,0,100,0.00,-0.41,-12.20,0,432,0.1
laptop,harness,2,45,false,551488,104448,0.7,0,100,-0.79,-0.35,-14.63,4408,368,0.12
laptop,harness,4,45,false,551488,104448,0.7,0,99,-0.79,-0.35,-14.63,4408,368,0.12
laptop,harness,5,45,false,551488,104448,0.7,0,100,-0.79,-0.35,-14.63,4408,368,0.12
laptop,harness,7,45,false,551488,104448,0.7,0,100,-0.79,-0.35,-14.63,4408,368,0.12
laptop,harness,9,45,false,551488,104448,0.7,0,100,-0.79,-0.35,-14.63,4408,368,0.12
laptop,harness,0,45,false,551488,104448,0.71,0,100,-0.79,-0.35,-13.41,4408,368,0.11
laptop,harness,3,45,false,551488,104448,0.71,0,100,-0.79,-0.35,-13.41,4408,368,0.11
laptop,harness,6,45,false,551488,104448,0.71,0,100,-0.79,-0.35,-13.41,4408,368,0.11
laptop,harness,8,45,false,551488,104448,0.72,0,100,-0.79,-0.35,-12.20,4408,368,0.1
laptop,harness,1,45,false,551488,104448,0.73,0,100,-0.79,-0.35,-10.98,4408,368,0.09
laptop,harness,3,59,false,555832,104592,0.69,0,98,-0.01,-0.21,-15.85,64,224,0.13
laptop,harness,5,59,false,555832,104592,0.7,0,100,-0.01,-0.21,-14.63,64,224,0.12
laptop,harness,6,59,false,555832,104592,0.7,0,100,-0.01,-0.21,-14.63,64,224,0.12
laptop,harness,0,59,false,555832,104592,0.71,0,98,-0.01,-0.21,-13.41,64,224,0.11
laptop,harness,2,59,false,555832,104592,0.71,0,100,-0.01,-0.21,-13.41,64,224,0.11
laptop,harness,9,59,false,555832,104592,0.71,0,100,-0.01,-0.21,-13.41,64,224,0.11
laptop,harness,1,59,false,555832,104592,0.72,0,99,-0.01,-0.21,-12.20,64,224,0.1
laptop,harness,4,59,false,555832,104592,0.72,0,100,-0.01,-0.21,-12.20,64,224,0.1
laptop,harness,7,59,false,555832,104592,0.72,0,100,-0.01,-0.21,-12.20,64,224,0.1
laptop,harness,8,59,false,555832,104592,0.72,0,100,-0.01,-0.21,-12.20,64,224,0.1
laptop,harness,2,37,false,555736,104640,0.69,0,100,-0.03,-0.17,-15.85,160,176,0.13
laptop,harness,1,37,false,555736,104640,0.7,0,100,-0.03,-0.17,-14.63,160,176,0.12
laptop,harness,3,37,false,555736,104640,0.7,0,100,-0.03,-0.17,-14.63,160,176,0.12
laptop,harness,5,37,false,555736,104640,0.7,0,99,-0.03,-0.17,-14.63,160,176,0.12
laptop,harness,7,37,false,555736,104640,0.7,0,100,-0.03,-0.17,-14.63,160,176,0.12
laptop,harness,8,37,false,555736,104640,0.7,0,99,-0.03,-0.17,-14.63,160,176,0.12
laptop,harness,6,37,false,555736,104640,0.71,0,100,-0.03,-0.17,-13.41,160,176,0.11
laptop,harness,0,37,false,555736,104640,0.73,0,100,-0.03,-0.17,-10.98,160,176,0.09
laptop,harness,4,37,false,555736,104640,0.73,0,100,-0.03,-0.17,-10.98,160,176,0.09
laptop,harness,9,37,false,555736,104640,0.74,0,100,-0.03,-0.17,-9.76,160,176,0.08
laptop,harness,0,60,false,555840,104704,0.69,0,100,-0.01,-0.11,-15.85,56,112,0.13
laptop,harness,6,60,false,555840,104704,0.69,0,100,-0.01,-0.11,-15.85,56,112,0.13
laptop,harness,5,60,false,555840,104704,0.71,0,100,-0.01,-0.11,-13.41,56,112,0.11
laptop,harness,8,60,false,555840,104704,0.71,0,99,-0.01,-0.11,-13.41,56,112,0.11
laptop,harness,1,60,false,555840,104704,0.72,0,100,-0.01,-0.11,-12.20,56,112,0.1
laptop,harness,2,60,false,555840,104704,0.72,0,100,-0.01,-0.11,-12.20,56,112,0.1
laptop,harness,3,60,false,555840,104704,0.72,0,99,-0.01,-0.11,-12.20,56,112,0.1
laptop,harness,7,60,false,555840,104704,0.72,0,100,-0.01,-0.11,-12.20,56,112,0.1
laptop,harness,4,60,false,555840,104704,0.73,0,99,-0.01,-0.11,-10.98,56,112,0.09
laptop,harness,9,60,false,555840,104704,0.74,0,100,-0.01,-0.11,-9.76,56,112,0.08
laptop,harness,2,23,false,555896,104720,0.68,0,99,0.00,-0.09,-17.07,0,96,0.14
laptop,harness,4,23,false,555896,104720,0.69,0,100,0.00,-0.09,-15.85,0,96,0.13
laptop,harness,5,23,false,555896,104720,0.7,0,100,0.00,-0.09,-14.63,0,96,0.12
laptop,harness,7,23,false,555896,104720,0.7,0,100,0.00,-0.09,-14.63,0,96,0.12
laptop,harness,0,23,false,555896,104720,0.71,0,100,0.00,-0.09,-13.41,0,96,0.11
laptop,harness,3,23,false,555896,104720,0.71,0,100,0.00,-0.09,-13.41,0,96,0.11
laptop,harness,1,23,false,555896,104720,0.72,0,100,0.00,-0.09,-12.20,0,96,0.1
laptop,harness,6,23,false,555896,104720,0.72,0,100,0.00,-0.09,-12.20,0,96,0.1
laptop,harness,8,23,false,555896,104720,0.74,0,100,0.00,-0.09,-9.76,0,96,0.08
laptop,harness,9,23,false,555896,104720,0.75,0,99,0.00,-0.09,-8.54,0,96,0.07
laptop,harness,9,6,true,551696,104784,1.56,0,100,-0.76,-0.03,90.24,4200,32,-0.74
laptop,harness,1,6,true,551696,104784,1.57,0,100,-0.76,-0.03,91.46,4200,32,-0.75
laptop,harness,8,6,true,551696,104784,1.57,0,100,-0.76,-0.03,91.46,4200,32,-0.75
laptop,harness,3,6,true,551696,104784,1.58,0,100,-0.76,-0.03,92.68,4200,32,-0.76
laptop,harness,6,6,true,551696,104784,1.59,0,99,-0.76,-0.03,93.90,4200,32,-0.77
laptop,harness,2,6,true,551696,104784,1.6,0,100,-0.76,-0.03,95.12,4200,32,-0.78
laptop,harness,7,6,true,551696,104784,1.6,0,100,-0.76,-0.03,95.12,4200,32,-0.78
laptop,harness,0,6,true,551696,104784,1.62,0,100,-0.76,-0.03,97.56,4200,32,-0.8
laptop,harness,4,6,true,551696,104784,1.62,0,100,-0.76,-0.03,97.56,4200,32,-0.8
laptop,harness,5,6,true,551696,104784,1.64,0,100,-0.76,-0.03,100.00,4200,32,-0.82
laptop,harness,2,1,true,555896,104816,0.68,0,98,0.00,0.00,-17.07,0,0,0.14
laptop,harness,6,1,true,555896,104816,0.69,0,100,0.00,0.00,-15.85,0,0,0.13
laptop,harness,7,1,true,555896,104816,0.69,0,100,0.00,0.00,-15.85,0,0,0.13
laptop,harness,9,1,true,555896,104816,0.69,0,100,0.00,0.00,-15.85,0,0,0.13
laptop,harness,0,1,true,555896,104816,0.71,0,99,0.00,0.00,-13.41,0,0,0.11
laptop,harness,1,1,true,555896,104816,0.71,0,100,0.00,0.00,-13.41,0,0,0.11
laptop,harness,3,1,true,555896,104816,0.71,0,100,0.00,0.00,-13.41,0,0,0.11
laptop,harness,5,1,true,555896,104816,0.71,0,100,0.00,0.00,-13.41,0,0,0.11
laptop,harness,8,1,true,555896,104816,0.71,0,100,0.00,0.00,-13.41,0,0,0.11
laptop,harness,4,1,true,555896,104816,0.72,0,99,0.00,0.00,-12.20,0,0,0.1
laptop,harness,1,2,64,555896,104816,0.69,0,100,0.00,0.00,-15.85,0,0,0.13
laptop,harness,3,2,64,555896,104816,0.69,0,100,0.00,0.00,-15.85,0,0,0.13
laptop,harness,5,2,64,555896,104816,0.69,0,99,0.00,0.00,-15.85,0,0,0.13
laptop,harness,7,2,64,555896,104816,0.69,0,98,0.00,0.00,-15.85,0,0,0.13
laptop,harness,9,2,64,555896,104816,0.69,0,100,0.00,0.00,-15.85,0,0,0.13
laptop,harness,0,2,64,555896,104816,0.71,0,100,0.00,0.00,-13.41,0,0,0.11
laptop,harness,2,2,64,555896,104816,0.71,0,100,0.00,0.00,-13.41,0,0,0.11
laptop,harness,4,2,64,555896,104816,0.71,0,100,0.00,0.00,-13.41,0,0,0.11
laptop,harness,8,2,64,555896,104816,0.71,0,99,0.00,0.00,-13.41,0,0,0.11
laptop,harness,6,2,64,555896,104816,0.73,0,100,0.00,0.00,-10.98,0,0,0.09
laptop,harness,0,3,true,490824,104816,0.88,0,99,-11.71,0.00,7.32,65072,0,-0.06
laptop,harness,2,3,true,490824,104816,0.88,0,100,-11.71,0.00,7.32,65072,0,-0.06
laptop,harness,8,3,true,490824,104816,0.88,0,100,-11.71,0.00,7.32,65072,0,-0.06
laptop,harness,4,3,true,490824,104816,0.89,0,100,-11.71,0.00,8.54,65072,0,-0.07
laptop,harness,7,3,true,490824,104816,0.89,0,99,-11.71,0.00,8.54,65072,0,-0.07
laptop,harness,6,3,true,490824,104816,0.9,0,100,-11.71,0.00,9.76,65072,0,-0.08
laptop,harness,1,3,true,490824,104816,0.91,0,100,-11.71,0.00,10.98,65072,0,-0.09
laptop,harness,3,3,true,490824,104816,0.91,0,100,-11.71,0.00,10.98,65072,0,-0.09
laptop,harness,9,3,true,490824,104816,0.91,0,100,-11.71,0.00,10.98,65072,0,-0.09
laptop,harness,5,3,true,490824,104816,0.94,0,100,-11.71,0.00,14.63,65072,0,-0.12
laptop,harness,3,4,false,555888,104816,0.68,0,98,0.00,0.00,-17.07,8,0,0.14
laptop,harness,1,4,false,555888,104816,0.69,0,100,0.00,0.00,-15.85,8,0,0.13
laptop,harness,5,4,false,555888,104816,0.69,0,100,0.00,0.00,-15.85,8,0,0.13
laptop,harness,7,4,false,555888,104816,0.69,0,100,0.00,0.00,-15.85,8,0,0.13
laptop,harness,9,4,false,555888,104816,0.69,0,100,0.00,0.00,-15.85,8,0,0.13
laptop,harness,0,4,false,555888,104816,0.71,0,100,0.00,0.00,-13.41,8,0,0.11
laptop,harness,2,4,false,555888,104816,0.71,0,100,0.00,0.00,-13.41,8,0,0.11
laptop,harness,4,4,false,555888,104816,0.71,0,100,0.00,0.00,-13.41,8,0,0.11
laptop,harness,6,4,false,555888,104816,0.71,0,100,0.00,0.00,-13.41,8,0,0.11
laptop,harness,8,4,false,555888,104816,0.71,0,100,0.00,0.00,-13.41,8,0,0.11
laptop,harness,0,12,true,555976,104816,0.69,0,100,0.01,0.00,-15.85,-80,0,0.13
laptop,harness,9,12,true,555976,104816,0.69,0,100,0.01,0.00,-15.85,-80,0,0.13
laptop,harness,2,12,true,555976,104816,0.7,0,100,0.01,0.00,-14.63,-80,0,0.12
laptop,harness,4,12,true,555976,104816,0.7,0,99,0.01,0.00,-14.63,-80,0,0.12
laptop,harness,6,12,true,555976,104816,0.7,0,100,0.01,0.00,-14.63,-80,0,0.12
laptop,harness,1,12,true,555976,104816,0.71,0,99,0.01,0.00,-13.41,-80,0,0.11
laptop,harness,3,12,true,555976,104816,0.71,0,100,0.01,0.00,-13.41,-80,0,0.11
laptop,harness,5,12,true,555976,104816,0.71,0,100,0.01,0.00,-13.41,-80,0,0.11
laptop,harness,7,12,true,555976,104816,0.71,0,100,0.01,0.00,-13.41,-80,0,0.11
laptop,harness,8,12,true,555976,104816,0.73,0,100,0.01,0.00,-10.98,-80,0,0.09
laptop,harness,3,16,false,555728,104816,0.69,0,100,-0.03,0.00,-15.85,168,0,0.13
laptop,harness,5,16,false,555728,104816,0.69,0,98,-0.03,0.00,-15.85,168,0,0.13
laptop,harness,7,16,false,555728,104816,0.69,0,100,-0.03,0.00,-15.85,168,0,0.13
laptop,harness,1,16,false,555728,104816,0.7,0,100,-0.03,0.00,-14.63,168,0,0.12
laptop,harness,9,16,false,555728,104816,0.7,0,100,-0.03,0.00,-14.63,168,0,0.12
laptop,harness,8,16,false,555728,104816,0.71,0,100,-0.03,0.00,-13.41,168,0,0.11
laptop,harness,2,16,false,555728,104816,0.72,0,100,-0.03,0.00,-12.20,168,0,0.1
laptop,harness,4,16,false,555728,104816,0.72,0,99,-0.03,0.00,-12.20,168,0,0.1
laptop,harness,6,16,false,555728,104816,0.72,0,100,-0.03,0.00,-12.20,168,0,0.1
laptop,harness,0,16,false,555728,104816,0.73,0,100,-0.03,0.00,-10.98,168,0,0.09
laptop,harness,2,17,false,555840,104816,0.68,0,99,-0.01,0.00,-17.07,56,0,0.14
laptop,harness,6,17,false,555840,104816,0.69,0,100,-0.01,0.00,-15.85,56,0,0.13
laptop,harness,8,17,false,555840,104816,0.69,0,100,-0.01,0.00,-15.85,56,0,0.13
laptop,harness,0,17,false,555840,104816,0.7,0,99,-0.01,0.00,-14.63,56,0,0.12
laptop,harness,4,17,false,555840,104816,0.7,0,99,-0.01,0.00,-14.63,56,0,0.12
laptop,harness,9,17,false,555840,104816,0.7,0,100,-0.01,0.00,-14.63,56,0,0.12
laptop,harness,1,17,false,555840,104816,0.71,0,100,-0.01,0.00,-13.41,56,0,0.11
laptop,harness,3,17,false,555840,104816,0.71,0,100,-0.01,0.00,-13.41,56,0,0.11
laptop,harness,5,17,false,555840,104816,0.71,0,100,-0.01,0.00,-13.41,56,0,0.11
laptop,harness,7,17,false,555840,104816,0.72,0,100,-0.01,0.00,-12.20,56,0,0.1
laptop,harness,2,20,false,555896,104816,0.7,0,98,0.00,0.00,-14.63,0,0,0.12
laptop,harness,4,20,false,555896,104816,0.7,0,100,0.00,0.00,-14.63,0,0,0.12
laptop,harness,6,20,false,555896,104816,0.7,0,100,0.00,0.00,-14.63,0,0,0.12
laptop,harness,8,20,false,555896,104816,0.7,0,100,0.00,0.00,-14.63,0,0,0.12
laptop,harness,7,20,false,555896,104816,0.71,0,100,0.00,0.00,-13.41,0,0,0.11
laptop,harness,1,20,false,555896,104816,0.72,0,100,0.00,0.00,-12.20,0,0,0.1
laptop,harness,9,20,false,555896,104816,0.72,0,100,0.00,0.00,-12.20,0,0,0.1
laptop,harness,0,20,false,555896,104816,0.73,0,99,0.00,0.00,-10.98,0,0,0.09
laptop,harness,3,20,false,555896,104816,0.73,0,100,0.00,0.00,-10.98,0,0,0.09
laptop,harness,5,20,false,555896,104816,0.73,0,100,0.00,0.00,-10.98,0,0,0.09
laptop,harness,7,21,false,555896,104816,0.69,0,99,0.00,0.00,-15.85,0,0,0.13
laptop,harness,9,21,false,555896,104816,0.69,0,99,0.00,0.00,-15.85,0,0,0.13
laptop,harness,0,21,false,555896,104816,0.7,0,100,0.00,0.00,-14.63,0,0,0.12
laptop,harness,4,21,false,555896,104816,0.7,0,100,0.00,0.00,-14.63,0,0,0.12
laptop,harness,3,21,false,555896,104816,0.71,0,100,0.00,0.00,-13.41,0,0,0.11
laptop,harness,5,21,false,555896,104816,0.71,0,100,0.00,0.00,-13.41,0,0,0.11
laptop,harness,6,21,false,555896,104816,0.71,0,99,0.00,0.00,-13.41,0,0,0.11
laptop,harness,1,21,false,555896,104816,0.74,0,100,0.00,0.00,-9.76,0,0,0.08
laptop,harness,2,21,false,555896,104816,0.74,0,100,0.00,0.00,-9.76,0,0,0.08
laptop,harness,8,21,false,555896,104816,0.75,0,100,0.00,0.00,-8.54,0,0,0.07
laptop,harness,1,25,false,555896,104816,0.73,0,100,0.00,0.00,-10.98,0,0,0.09
laptop,harness,4,25,false,555896,104816,0.73,0,100,0.00,0.00,-10.98,0,0,0.09
laptop,harness,2,25,false,555896,104816,0.74,0,100,0.00,0.00,-9.76,0,0,0.08
laptop,harness,5,25,false,555896,104816,0.74,0,100,0.00,0.00,-9.76,0,0,0.08
laptop,harness,0,25,false,555896,104816,0.75,0,100,0.00,0.00,-8.54,0,0,0.07
laptop,harness,3,25,false,555896,104816,0.76,0,100,0.00,0.00,-7.32,0,0,0.06
laptop,harness,6,25,false,555896,104816,0.76,0,100,0.00,0.00,-7.32,0,0,0.06
laptop,harness,7,25,false,555896,104816,0.76,0,99,0.00,0.00,-7.32,0,0,0.06
laptop,harness,8,25,false,555896,104816,0.78,0,100,0.00,0.00,-4.88,0,0,0.04
laptop,harness,9,25,false,555896,104816,0.79,0,99,0.00,0.00,-3.66,0,0,0.03
laptop,harness,9,28,false,555680,104816,0.71,0,100,-0.04,0.00,-13.41,216,0,0.11
laptop,harness,6,28,false,555680,104816,0.72,0,100,-0.04,0.00,-12.20,216,0,0.1
laptop,harness,8,28,false,555680,104816,0.74,0,99,-0.04,0.00,-9.76,216,0,0.08
laptop,harness,5,28,false,555680,104816,0.75,0,100,-0.04,0.00,-8.54,216,0,0.07
laptop,harness,7,28,false,555680,104816,0.75,0,100,-0.04,0.00,-8.54,216,0,0.07
laptop,harness,0,28,false,555680,104816,0.83,0,100,-0.04,0.00,1.22,216,0,-0.01
laptop,harness,1,28,false,555680,104816,0.83,0,99,-0.04,0.00,1.22,216,0,-0.01
laptop,harness,3,28,false,555680,104816,0.83,0,100,-0.04,0.00,1.22,216,0,-0.01
laptop,harness,4,28,false,555680,104816,0.83,0,100,-0.04,0.00,1.22,216,0,-0.01
laptop,harness,2,28,false,555680,104816,0.87,0,99,-0.04,0.00,6.10,216,0,-0.05
laptop,harness,0,33,false,555904,104816,0.7,0,98,0.00,0.00,-14.63,-8,0,0.12
laptop,harness,1,33,false,555904,104816,0.7,0,95,0.00,0.00,-14.63,-8,0,0.12
laptop,harness,3,33,false,555904,104816,0.7,0,100,0.00,0.00,-14.63,-8,0,0.12
laptop,harness,5,33,false,555904,104816,0.7,0,100,0.00,0.00,-14.63,-8,0,0.12
laptop,harness,4,33,false,555904,104816,0.71,0,100,0.00,0.00,-13.41,-8,0,0.11
laptop,harness,6,33,false,555904,104816,0.71,0,100,0.00,0.00,-13.41,-8,0,0.11
laptop,harness,7,33,false,555904,104816,0.71,0,100,0.00,0.00,-13.41,-8,0,0.11
laptop,harness,8,33,false,555904,104816,0.72,0,100,0.00,0.00,-12.20,-8,0,0.1
laptop,harness,2,33,false,555904,104816,0.73,0,100,0.00,0.00,-10.98,-8,0,0.09
laptop,harness,9,33,false,555904,104816,0.75,0,100,0.00,0.00,-8.54,-8,0,0.07
laptop,harness,0,35,false,555840,104816,0.7,0,99,-0.01,0.00,-14.63,56,0,0.12
laptop,harness,3,35,false,555840,104816,0.7,0,100,-0.01,0.00,-14.63,56,0,0.12
laptop,harness,5,35,false,555840,104816,0.7,0,100,-0.01,0.00,-14.63,56,0,0.12
laptop,harness,7,35,false,555840,104816,0.7,0,100,-0.01,0.00,-14.63,56,0,0.12
laptop,harness,9,35,false,555840,104816,0.7,0,100,-0.01,0.00,-14.63,56,0,0.12
laptop,harness,4,35,false,555840,104816,0.71,0,100,-0.01,0.00,-13.41,56,0,0.11
laptop,harness,2,35,false,555840,104816,0.72,0,100,-0.01,0.00,-12.20,56,0,0.1
laptop,harness,6,35,false,555840,104816,0.73,0,100,-0.01,0.00,-10.98,56,0,0.09
laptop,harness,1,35,false,555840,104816,0.74,0,100,-0.01,0.00,-9.76,56,0,0.08
laptop,harness,8,35,false,555840,104816,0.76,0,100,-0.01,0.00,-7.32,56,0,0.06
laptop,harness,0,36,false,543328,104816,0.69,0,99,-2.26,0.00,-15.85,12568,0,0.13
laptop,harness,5,36,false,543328,104816,0.69,0,100,-2.26,0.00,-15.85,12568,0,0.13
laptop,harness,2,36,false,543328,104816,0.7,0,100,-2.26,0.00,-14.63,12568,0,0.12
laptop,harness,4,36,false,543328,104816,0.7,0,100,-2.26,0.00,-14.63,12568,0,0.12
laptop,harness,7,36,false,543328,104816,0.7,0,100,-2.26,0.00,-14.63,12568,0,0.12
laptop,harness,8,36,false,543328,104816,0.7,0,99,-2.26,0.00,-14.63,12568,0,0.12
laptop,harness,3,36,false,543328,104816,0.71,0,100,-2.26,0.00,-13.41,12568,0,0.11
laptop,harness,9,36,false,543328,104816,0.71,0,100,-2.26,0.00,-13.41,12568,0,0.11
laptop,harness,6,36,false,543328,104816,0.72,0,100,-2.26,0.00,-12.20,12568,0,0.1
laptop,harness,1,36,false,543328,104816,0.74,0,100,-2.26,0.00,-9.76,12568,0,0.08
laptop,harness,2,38,false,555896,104816,0.7,0,100,0.00,0.00,-14.63,0,0,0.12
laptop,harness,6,38,false,555896,104816,0.7,0,100,0.00,0.00,-14.63,0,0,0.12
laptop,harness,8,38,false,555896,104816,0.7,0,100,0.00,0.00,-14.63,0,0,0.12
laptop,harness,0,38,false,555896,104816,0.71,0,100,0.00,0.00,-13.41,0,0,0.11
laptop,harness,4,38,false,555896,104816,0.71,0,100,0.00,0.00,-13.41,0,0,0.11
laptop,harness,9,38,false,555896,104816,0.71,0,100,0.00,0.00,-13.41,0,0,0.11
laptop,harness,5,38,false,555896,104816,0.72,0,100,0.00,0.00,-12.20,0,0,0.1
laptop,harness,1,38,false,555896,104816,0.73,0,100,0.00,0.00,-10.98,0,0,0.09
laptop,harness,3,38,false,555896,104816,0.73,0,100,0.00,0.00,-10.98,0,0,0.09
laptop,harness,7,38,false,555896,104816,0.74,0,100,0.00,0.00,-9.76,0,0,0.08
laptop,harness,2,39,false,547216,104816,0.68,0,100,-1.56,0.00,-17.07,8680,0,0.14
laptop,harness,3,39,false,547216,104816,0.68,0,97,-1.56,0.00,-17.07,8680,0,0.14
laptop,harness,5,39,false,547216,104816,0.68,0,100,-1.56,0.00,-17.07,8680,0,0.14
laptop,harness,8,39,false,547216,104816,0.69,0,100,-1.56,0.00,-15.85,8680,0,0.13
laptop,harness,1,39,false,547216,104816,0.7,0,100,-1.56,0.00,-14.63,8680,0,0.12
laptop,harness,6,39,false,547216,104816,0.7,0,100,-1.56,0.00,-14.63,8680,0,0.12
laptop,harness,7,39,false,547216,104816,0.7,0,100,-1.56,0.00,-14.63,8680,0,0.12
laptop,harness,9,39,false,547216,104816,0.7,0,99,-1.56,0.00,-14.63,8680,0,0.12
laptop,harness,0,39,false,547216,104816,0.71,0,100,-1.56,0.00,-13.41,8680,0,0.11
laptop,harness,4,39,false,547216,104816,0.73,0,100,-1.56,0.00,-10.98,8680,0,0.09
laptop,harness,1,40,false,555896,104816,0.69,0,99,0.00,0.00,-15.85,0,0,0.13
laptop,harness,3,40,false,555896,104816,0.69,0,100,0.00,0.00,-15.85,0,0,0.13
laptop,harness,9,40,false,555896,104816,0.69,0,100,0.00,0.00,-15.85,0,0,0.13
laptop,harness,2,40,false,555896,104816,0.71,0,100,0.00,0.00,-13.41,0,0,0.11
laptop,harness,4,40,false,555896,104816,0.71,0,100,0.00,0.00,-13.41,0,0,0.11
laptop,harness,5,40,false,555896,104816,0.71,0,100,0.00,0.00,-13.41,0,0,0.11
laptop,harness,6,40,false,555896,104816,0.71,0,100,0.00,0.00,-13.41,0,0,0.11
laptop,harness,7,40,false,555896,104816,0.71,0,100,0.00,0.00,-13.41,0,0,0.11
laptop,harness,8,40,false,555896,104816,0.71,0,100,0.00,0.00,-13.41,0,0,0.11
laptop,harness,0,40,false,555896,104816,0.72,0,100,0.00,0.00,-12.20,0,0,0.1
laptop,harness,0,41,false,555896,104816,0.68,0,100,0.00,0.00,-17.07,0,0,0.14
laptop,harness,2,41,false,555896,104816,0.68,0,100,0.00,0.00,-17.07,0,0,0.14
laptop,harness,6,41,false,555896,104816,0.69,0,100,0.00,0.00,-15.85,0,0,0.13
laptop,harness,7,41,false,555896,104816,0.69,0,100,0.00,0.00,-15.85,0,0,0.13
laptop,harness,1,41,false,555896,104816,0.71,0,100,0.00,0.00,-13.41,0,0,0.11
laptop,harness,3,41,false,555896,104816,0.71,0,100,0.00,0.00,-13.41,0,0,0.11
laptop,harness,4,41,false,555896,104816,0.71,0,100,0.00,0.00,-13.41,0,0,0.11
laptop,harness,5,41,false,555896,104816,0.71,0,100,0.00,0.00,-13.41,0,0,0.11
laptop,harness,8,41,false,555896,104816,0.71,0,100,0.00,0.00,-13.41,0,0,0.11
laptop,harness,9,41,false,555896,104816,0.71,0,100,0.00,0.00,-13.41,0,0,0.11
laptop,harness,1,46,false,555896,104816,0.69,0,98,0.00,0.00,-15.85,0,0,0.13
laptop,harness,0,46,false,555896,104816,0.7,0,100,0.00,0.00,-14.63,0,0,0.12
laptop,harness,2,46,false,555896,104816,0.7,0,100,0.00,0.00,-14.63,0,0,0.12
laptop,harness,4,46,false,555896,104816,0.7,0,99,0.00,0.00,-14.63,0,0,0.12
laptop,harness,6,46,false,555896,104816,0.7,0,100,0.00,0.00,-14.63,0,0,0.12
laptop,harness,5,46,false,555896,104816,0.71,0,100,0.00,0.00,-13.41,0,0,0.11
laptop,harness,8,46,false,555896,104816,0.71,0,100,0.00,0.00,-13.41,0,0,0.11
laptop,harness,9,46,false,555896,104816,0.71,0,98,0.00,0.00,-13.41,0,0,0.11
laptop,harness,3,46,false,555896,104816,0.72,0,100,0.00,0.00,-12.20,0,0,0.1
laptop,harness,7,46,false,555896,104816,0.72,0,100,0.00,0.00,-12.20,0,0,0.1
laptop,harness,3,47,false,555896,104816,0.7,0,100,0.00,0.00,-14.63,0,0,0.12
laptop,harness,5,47,false,555896,104816,0.7,0,99,0.00,0.00,-14.63,0,0,0.12
laptop,harness,8,47,false,555896,104816,0.7,0,100,0.00,0.00,-14.63,0,0,0.12
laptop,harness,4,47,false,555896,104816,0.71,0,100,0.00,0.00,-13.41,0,0,0.11
laptop,harness,6,47,false,555896,104816,0.71,0,100,0.00,0.00,-13.41,0,0,0.11
laptop,harness,7,47,false,555896,104816,0.71,0,100,0.00,0.00,-13.41,0,0,0.11
laptop,harness,1,47,false,555896,104816,0.72,0,100,0.00,0.00,-12.20,0,0,0.1
laptop,harness,2,47,false,555896,104816,0.73,0,100,0.00,0.00,-10.98,0,0,0.09
laptop,harness,0,47,false,555896,104816,0.74,0,100,0.00,0.00,-9.76,0,0,0.08
laptop,harness,9,47,false,555896,104816,0.74,0,100,0.00,0.00,-9.76,0,0,0.08
laptop,harness,3,48,false,555896,104816,0.7,0,100,0.00,0.00,-14.63,0,0,0.12
laptop,harness,5,48,false,555896,104816,0.7,0,99,0.00,0.00,-14.63,0,0,0.12
laptop,harness,7,48,false,555896,104816,0.7,0,100,0.00,0.00,-14.63,0,0,0.12
laptop,harness,8,48,false,555896,104816,0.71,0,100,0.00,0.00,-13.41,0,0,0.11
laptop,harness,9,48,false,555896,104816,0.71,0,100,0.00,0.00,-13.41,0,0,0.11
laptop,harness,1,48,false,555896,104816,0.72,0,100,0.00,0.00,-12.20,0,0,0.1
laptop,harness,2,48,false,555896,104816,0.72,0,100,0.00,0.00,-12.20,0,0,0.1
laptop,harness,6,48,false,555896,104816,0.72,0,99,0.00,0.00,-12.20,0,0,0.1
laptop,harness,0,48,false,555896,104816,0.73,0,99,0.00,0.00,-10.98,0,0,0.09
laptop,harness,4,48,false,555896,104816,0.73,0,100,0.00,0.00,-10.98,0,0,0.09
laptop,harness,2,50,false,555896,104816,0.69,0,99,0.00,0.00,-15.85,0,0,0.13
laptop,harness,4,50,false,555896,104816,0.7,0,99,0.00,0.00,-14.63,0,0,0.12
laptop,harness,5,50,false,555896,104816,0.7,0,97,0.00,0.00,-14.63,0,0,0.12
laptop,harness,0,50,false,555896,104816,0.71,0,100,0.00,0.00,-13.41,0,0,0.11
laptop,harness,1,50,false,555896,104816,0.71,0,100,0.00,0.00,-13.41,0,0,0.11
laptop,harness,7,50,false,555896,104816,0.71,0,100,0.00,0.00,-13.41,0,0,0.11
laptop,harness,9,50,false,555896,104816,0.71,0,100,0.00,0.00,-13.41,0,0,0.11
laptop,harness,3,50,false,555896,104816,0.73,0,100,0.00,0.00,-10.98,0,0,0.09
laptop,harness,6,50,false,555896,104816,0.74,0,100,0.00,0.00,-9.76,0,0,0.08
laptop,harness,8,50,false,555896,104816,0.76,0,100,0.00,0.00,-7.32,0,0,0.06
laptop,harness,5,51,false,555896,104816,0.7,0,99,0.00,0.00,-14.63,0,0,0.12
laptop,harness,6,51,false,555896,104816,0.7,0,100,0.00,0.00,-14.63,0,0,0.12
laptop,harness,7,51,false,555896,104816,0.7,0,100,0.00,0.00,-14.63,0,0,0.12
laptop,harness,9,51,false,555896,104816,0.7,0,100,0.00,0.00,-14.63,0,0,0.12
laptop,harness,0,51,false,555896,104816,0.71,0,100,0.00,0.00,-13.41,0,0,0.11
laptop,harness,1,51,false,555896,104816,0.71,0,97,0.00,0.00,-13.41,0,0,0.11
laptop,harness,3,51,false,555896,104816,0.71,0,100,0.00,0.00,-13.41,0,0,0.11
laptop,harness,4,51,false,555896,104816,0.72,0,100,0.00,0.00,-12.20,0,0,0.1
laptop,harness,8,51,false,555896,104816,0.72,0,100,0.00,0.00,-12.20,0,0,0.1
laptop,harness,2,51,false,555896,104816,0.73,0,100,0.00,0.00,-10.98,0,0,0.09
laptop,harness,0,52,false,551800,104816,0.7,0,99,-0.74,0.00,-14.63,4096,0,0.12
laptop,harness,2,52,false,551800,104816,0.7,0,100,-0.74,0.00,-14.63,4096,0,0.12
laptop,harness,5,52,false,551800,104816,0.7,0,100,-0.74,0.00,-14.63,4096,0,0.12
laptop,harness,7,52,false,551800,104816,0.7,0,100,-0.74,0.00,-14.63,4096,0,0.12
laptop,harness,8,52,false,551800,104816,0.7,0,100,-0.74,0.00,-14.63,4096,0,0.12
laptop,harness,4,52,false,551800,104816,0.73,0,100,-0.74,0.00,-10.98,4096,0,0.09
laptop,harness,9,52,false,551800,104816,0.73,0,100,-0.74,0.00,-10.98,4096,0,0.09
laptop,harness,1,52,false,551800,104816,0.74,0,100,-0.74,0.00,-9.76,4096,0,0.08
laptop,harness,3,52,false,551800,104816,0.74,0,100,-0.74,0.00,-9.76,4096,0,0.08
laptop,harness,6,52,false,551800,104816,0.74,0,100,-0.74,0.00,-9.76,4096,0,0.08
laptop,harness,0,54,false,555896,104816,0.69,0,99,0.00,0.00,-15.85,0,0,0.13
laptop,harness,9,54,false,555896,104816,0.69,0,99,0.00,0.00,-15.85,0,0,0.13
laptop,harness,4,54,false,555896,104816,0.7,0,100,0.00,0.00,-14.63,0,0,0.12
laptop,harness,6,54,false,555896,104816,0.7,0,100,0.00,0.00,-14.63,0,0,0.12
laptop,harness,1,54,false,555896,104816,0.71,0,100,0.00,0.00,-13.41,0,0,0.11
laptop,harness,2,54,false,555896,104816,0.71,0,100,0.00,0.00,-13.41,0,0,0.11
laptop,harness,3,54,false,555896,104816,0.71,0,100,0.00,0.00,-13.41,0,0,0.11
laptop,harness,7,54,false,555896,104816,0.71,0,99,0.00,0.00,-13.41,0,0,0.11
laptop,harness,5,54,false,555896,104816,0.72,0,100,0.00,0.00,-12.20,0,0,0.1
laptop,harness,8,54,false,555896,104816,0.73,0,100,0.00,0.00,-10.98,0,0,0.09
laptop,harness,1,56,false,555744,104816,0.69,0,100,-0.03,0.00,-15.85,152,0,0.13
laptop,harness,3,56,false,555744,104816,0.69,0,100,-0.03,0.00,-15.85,152,0,0.13
laptop,harness,9,56,false,555744,104816,0.69,0,100,-0.03,0.00,-15.85,152,0,0.13
laptop,harness,0,56,false,555744,104816,0.71,0,100,-0.03,0.00,-13.41,152,0,0.11
laptop,harness,2,56,false,555744,104816,0.71,0,100,-0.03,0.00,-13.41,152,0,0.11
laptop,harness,4,56,false,555744,104816,0.71,0,99,-0.03,0.00,-13.41,152,0,0.11
laptop,harness,5,56,false,555744,104816,0.71,0,100,-0.03,0.00,-13.41,152,0,0.11
laptop,harness,6,56,false,555744,104816,0.71,0,100,-0.03,0.00,-13.41,152,0,0.11
laptop,harness,7,56,false,555744,104816,0.72,0,100,-0.03,0.00,-12.20,152,0,0.1
laptop,harness,8,56,false,555744,104816,0.72,0,100,-0.03,0.00,-12.20,152,0,0.1
laptop,harness,8,57,false,555760,104816,0.7,0,99,-0.02,0.00,-14.63,136,0,0.12
laptop,harness,1,57,false,555760,104816,0.71,0,100,-0.02,0.00,-13.41,136,0,0.11
laptop,harness,3,57,false,555760,104816,0.72,0,100,-0.02,0.00,-12.20,136,0,0.1
laptop,harness,4,57,false,555760,104816,0.73,0,100,-0.02,0.00,-10.98,136,0,0.09
laptop,harness,5,57,false,555760,104816,0.73,0,100,-0.02,0.00,-10.98,136,0,0.09
laptop,harness,0,57,false,555760,104816,0.74,0,99,-0.02,0.00,-9.76,136,0,0.08
laptop,harness,2,57,false,555760,104816,0.74,0,100,-0.02,0.00,-9.76,136,0,0.08
laptop,harness,6,57,false,555760,104816,0.74,0,100,-0.02,0.00,-9.76,136,0,0.08
laptop,harness,7,57,false,555760,104816,0.75,0,100,-0.02,0.00,-8.54,136,0,0.07
laptop,harness,9,57,false,555760,104816,0.78,0,100,-0.02,0.00,-4.88,136,0,0.04
laptop,harness,0,58,false,555808,104816,0.69,0,99,-0.02,0.00,-15.85,88,0,0.13
laptop,harness,9,58,false,555808,104816,0.69,0,100,-0.02,0.00,-15.85,88,0,0.13
laptop,harness,1,58,false,555808,104816,0.71,0,100,-0.02,0.00,-13.41,88,0,0.11
laptop,harness,3,58,false,555808,104816,0.71,0,99,-0.02,0.00,-13.41,88,0,0.11
laptop,harness,4,58,false,555808,104816,0.71,0,99,-0.02,0.00,-13.41,88,0,0.11
laptop,harness,5,58,false,555808,104816,0.71,0,100,-0.02,0.00,-13.41,88,0,0.11
laptop,harness,7,58,false,555808,104816,0.71,0,100,-0.02,0.00,-13.41,88,0,0.11
laptop,harness,8,58,false,555808,104816,0.71,0,100,-0.02,0.00,-13.41,88,0,0.11
laptop,harness,2,58,false,555808,104816,0.72,0,100,-0.02,0.00,-12.20,88,0,0.1
laptop,harness,6,58,false,555808,104816,0.72,0,100,-0.02,0.00,-12.20,88,0,0.1
laptop,harness,0,61,false,535880,104816,0.69,0,100,-3.60,0.00,-15.85,20016,0,0.13
laptop,harness,3,61,false,535880,104816,0.69,0,100,-3.60,0.00,-15.85,20016,0,0.13
laptop,harness,7,61,false,535880,104816,0.69,0,98,-3.60,0.00,-15.85,20016,0,0.13
laptop,harness,9,61,false,535880,104816,0.69,0,100,-3.60,0.00,-15.85,20016,0,0.13
laptop,harness,6,61,false,535880,104816,0.7,0,100,-3.60,0.00,-14.63,20016,0,0.12
laptop,harness,4,61,false,535880,104816,0.71,0,100,-3.60,0.00,-13.41,20016,0,0.11
laptop,harness,8,61,false,535880,104816,0.71,0,100,-3.60,0.00,-13.41,20016,0,0.11
laptop,harness,1,61,false,535880,104816,0.72,0,100,-3.60,0.00,-12.20,20016,0,0.1
laptop,harness,2,61,false,535880,104816,0.72,0,100,-3.60,0.00,-12.20,20016,0,0.1
laptop,harness,5,61,false,535880,104816,0.73,0,99,-3.60,0.00,-10.98,20016,0,0.09
laptop,harness,0,62,false,555808,104816,0.69,0,100,-0.02,0.00,-15.85,88,0,0.13
laptop,harness,1,62,false,555808,104816,0.69,0,100,-0.02,0.00,-15.85,88,0,0.13
laptop,harness,8,62,false,555808,104816,0.69,0,100,-0.02,0.00,-15.85,88,0,0.13
laptop,harness,2,62,false,555808,104816,0.7,0,99,-0.02,0.00,-14.63,88,0,0.12
laptop,harness,4,62,false,555808,104816,0.7,0,100,-0.02,0.00,-14.63,88,0,0.12
laptop,harness,6,62,false,555808,104816,0.7,0,100,-0.02,0.00,-14.63,88,0,0.12
laptop,harness,5,62,false,555808,104816,0.71,0,100,-0.02,0.00,-13.41,88,0,0.11
laptop,harness,3,62,false,555808,104816,0.72,0,100,-0.02,0.00,-12.20,88,0,0.1
laptop,harness,7,62,false,555808,104816,0.73,0,100,-0.02,0.00,-10.98,88,0,0.09
laptop,harness,9,62,false,555808,104816,0.73,0,100,-0.02,0.00,-10.98,88,0,0.09
laptop,harness,1,64,false,555880,104816,0.68,0,98,0.00,0.00,-17.07,16,0,0.14
laptop,harness,3,64,false,555880,104816,0.69,0,100,0.00,0.00,-15.85,16,0,0.13
laptop,harness,5,64,false,555880,104816,0.69,0,100,0.00,0.00,-15.85,16,0,0.13
laptop,harness,7,64,false,555880,104816,0.69,0,100,0.00,0.00,-15.85,16,0,0.13
laptop,harness,2,64,false,555880,104816,0.71,0,100,0.00,0.00,-13.41,16,0,0.11
laptop,harness,4,64,false,555880,104816,0.71,0,100,0.00,0.00,-13.41,16,0,0.11
laptop,harness,6,64,false,555880,104816,0.71,0,100,0.00,0.00,-13.41,16,0,0.11
laptop,harness,8,64,false,555880,104816,0.71,0,100,0.00,0.00,-13.41,16,0,0.11
laptop,harness,9,64,false,555880,104816,0.71,0,100,0.00,0.00,-13.41,16,0,0.11
laptop,harness,0,64,false,555880,104816,0.72,0,100,0.00,0.00,-12.20,16,0,0.1
laptop,harness,0,65,false,555848,104816,0.69,0,100,-0.01,0.00,-15.85,48,0,0.13
laptop,harness,2,65,false,555848,104816,0.69,0,100,-0.01,0.00,-15.85,48,0,0.13
laptop,harness,4,65,false,555848,104816,0.69,0,100,-0.01,0.00,-15.85,48,0,0.13
laptop,harness,6,65,false,555848,104816,0.69,0,100,-0.01,0.00,-15.85,48,0,0.13
laptop,harness,7,65,false,555848,104816,0.69,0,99,-0.01,0.00,-15.85,48,0,0.13
laptop,harness,1,65,false,555848,104816,0.71,0,100,-0.01,0.00,-13.41,48,0,0.11
laptop,harness,3,65,false,555848,104816,0.71,0,100,-0.01,0.00,-13.41,48,0,0.11
laptop,harness,5,65,false,555848,104816,0.71,0,100,-0.01,0.00,-13.41,48,0,0.11
laptop,harness,8,65,false,555848,104816,0.71,0,100,-0.01,0.00,-13.41,48,0,0.11
laptop,harness,9,65,false,555848,104816,0.72,0,100,-0.01,0.00,-12.20,48,0,0.1
laptop,harness,0,66,false,555888,104816,0.69,0,100,0.00,0.00,-15.85,8,0,0.13
laptop,harness,3,66,false,555888,104816,0.69,0,100,0.00,0.00,-15.85,8,0,0.13
laptop,harness,7,66,false,555888,104816,0.69,0,99,0.00,0.00,-15.85,8,0,0.13
laptop,harness,9,66,false,555888,104816,0.69,0,100,0.00,0.00,-15.85,8,0,0.13
laptop,harness,1,66,false,555888,104816,0.71,0,100,0.00,0.00,-13.41,8,0,0.11
laptop,harness,4,66,false,555888,104816,0.71,0,100,0.00,0.00,-13.41,8,0,0.11
laptop,harness,6,66,false,555888,104816,0.71,0,100,0.00,0.00,-13.41,8,0,0.11
laptop,harness,8,66,false,555888,104816,0.71,0,99,0.00,0.00,-13.41,8,0,0.11
laptop,harness,2,66,false,555888,104816,0.72,0,100,0.00,0.00,-12.20,8,0,0.1
laptop,harness,5,66,false,555888,104816,0.72,0,100,0.00,0.00,-12.20,8,0,0.1
laptop,harness,1,67,false,555848,104816,0.69,0,98,-0.01,0.00,-15.85,48,0,0.13
laptop,harness,6,67,false,555848,104816,0.69,0,100,-0.01,0.00,-15.85,48,0,0.13
laptop,harness,7,67,false,555848,104816,0.69,0,100,-0.01,0.00,-15.85,48,0,0.13
laptop,harness,8,67,false,555848,104816,0.69,0,100,-0.01,0.00,-15.85,48,0,0.13
laptop,harness,0,67,false,555848,104816,0.71,0,99,-0.01,0.00,-13.41,48,0,0.11
laptop,harness,3,67,false,555848,104816,0.71,0,100,-0.01,0.00,-13.41,48,0,0.11
laptop,harness,4,67,false,555848,104816,0.71,0,100,-0.01,0.00,-13.41,48,0,0.11
laptop,harness,5,67,false,555848,104816,0.71,0,100,-0.01,0.00,-13.41,48,0,0.11
laptop,harness,9,67,false,555848,104816,0.72,0,100,-0.01,0.00,-12.20,48,0,0.1
laptop,harness,2,67,false,555848,104816,0.73,0,100,-0.01,0.00,-10.98,48,0,0.09
laptop,harness,2,68,false,555840,104816,0.68,0,100,-0.01,0.00,-17.07,56,0,0.14
laptop,harness,4,68,false,555840,104816,0.68,0,100,-0.01,0.00,-17.07,56,0,0.14
laptop,harness,6,68,false,555840,104816,0.68,0,100,-0.01,0.00,-17.07,56,0,0.14
laptop,harness,0,68,false,555840,104816,0.69,0,100,-0.01,0.00,-15.85,56,0,0.13
laptop,harness,8,68,false,555840,104816,0.69,0,100,-0.01,0.00,-15.85,56,0,0.13
laptop,harness,1,68,false,555840,104816,0.7,0,100,-0.01,0.00,-14.63,56,0,0.12
laptop,harness,3,68,false,555840,104816,0.71,0,100,-0.01,0.00,-13.41,56,0,0.11
laptop,harness,5,68,false,555840,104816,0.71,0,100,-0.01,0.00,-13.41,56,0,0.11
laptop,harness,7,68,false,555840,104816,0.71,0,100,-0.01,0.00,-13.41,56,0,0.11
laptop,harness,9,68,false,555840,104816,0.71,0,100,-0.01,0.00,-13.41,56,0,0.11
laptop,harness,0,69,false,555840,104816,0.69,0,100,-0.01,0.00,-15.85,56,0,0.13
laptop,harness,4,69,false,555840,104816,0.69,0,100,-0.01,0.00,-15.85,56,0,0.13
laptop,harness,6,69,false,555840,104816,0.69,0,99,-0.01,0.00,-15.85,56,0,0.13
laptop,harness,2,69,false,555840,104816,0.7,0,100,-0.01,0.00,-14.63,56,0,0.12
laptop,harness,1,69,false,555840,104816,0.71,0,99,-0.01,0.00,-13.41,56,0,0.11
laptop,harness,3,69,false,555840,104816,0.71,0,100,-0.01,0.00,-13.41,56,0,0.11
laptop,harness,8,69,false,555840,104816,0.71,0,100,-0.01,0.00,-13.41,56,0,0.11
laptop,harness,9,69,false,555840,104816,0.71,0,97,-0.01,0.00,-13.41,56,0,0.11
laptop,harness,7,69,false,555840,104816,0.72,0,100,-0.01,0.00,-12.20,56,0,0.1
laptop,harness,5,69,false,555840,104816,0.74,0,99,-0.01,0.00,-9.76,56,0,0.08
laptop,harness,2,70,false,555896,104816,0.69,0,100,0.00,0.00,-15.85,0,0,0.13
laptop,harness,3,70,false,555896,104816,0.69,0,100,0.00,0.00,-15.85,0,0,0.13
laptop,harness,4,70,false,555896,104816,0.69,0,100,0.00,0.00,-15.85,0,0,0.13
laptop,harness,6,70,false,555896,104816,0.69,0,100,0.00,0.00,-15.85,0,0,0.13
laptop,harness,8,70,false,555896,104816,0.69,0,100,0.00,0.00,-15.85,0,0,0.13
laptop,harness,0,70,false,555896,104816,0.71,0,100,0.00,0.00,-13.41,0,0,0.11
laptop,harness,1,70,false,555896,104816,0.71,0,100,0.00,0.00,-13.41,0,0,0.11
laptop,harness,5,70,false,555896,104816,0.71,0,100,0.00,0.00,-13.41,0,0,0.11
laptop,harness,7,70,false,555896,104816,0.71,0,100,0.00,0.00,-13.41,0,0,0.11
laptop,harness,9,70,false,555896,104816,0.71,0,100,0.00,0.00,-13.41,0,0,0.11
laptop,harness,5,71,false,555840,104816,0.68,0,100,-0.01,0.00,-17.07,56,0,0.14
laptop,harness,0,71,false,555840,104816,0.69,0,100,-0.01,0.00,-15.85,56,0,0.13
laptop,harness,2,71,false,555840,104816,0.69,0,100,-0.01,0.00,-15.85,56,0,0.13
laptop,harness,7,71,false,555840,104816,0.69,0,98,-0.01,0.00,-15.85,56,0,0.13
laptop,harness,1,71,false,555840,104816,0.71,0,100,-0.01,0.00,-13.41,56,0,0.11
laptop,harness,3,71,false,555840,104816,0.71,0,100,-0.01,0.00,-13.41,56,0,0.11
laptop,harness,4,71,false,555840,104816,0.71,0,100,-0.01,0.00,-13.41,56,0,0.11
laptop,harness,6,71,false,555840,104816,0.71,0,100,-0.01,0.00,-13.41,56,0,0.11
laptop,harness,8,71,false,555840,104816,0.71,0,100,-0.01,0.00,-13.41,56,0,0.11
laptop,harness,9,71,false,555840,104816,0.72,0,100,-0.01,0.00,-12.20,56,0,0.1
laptop,harness,0,74,0,555896,104816,0.69,0,100,0.00,0.00,-15.85,0,0,0.13
laptop,harness,2,74,0,555896,104816,0.69,0,100,0.00,0.00,-15.85,0,0,0.13
laptop,harness,7,74,0,555896,104816,0.69,0,100,0.00,0.00,-15.85,0,0,0.13
laptop,harness,8,74,0,555896,104816,0.69,0,100,0.00,0.00,-15.85,0,0,0.13
laptop,harness,4,74,0,555896,104816,0.7,0,99,0.00,0.00,-14.63,0,0,0.12
laptop,harness,1,74,0,555896,104816,0.71,0,100,0.00,0.00,-13.41,0,0,0.11
laptop,harness,3,74,0,555896,104816,0.71,0,100,0.00,0.00,-13.41,0,0,0.11
laptop,harness,5,74,0,555896,104816,0.71,0,100,0.00,0.00,-13.41,0,0,0.11
laptop,harness,6,74,0,555896,104816,0.71,0,100,0.00,0.00,-13.41,0,0,0.11
laptop,harness,9,74,0,555896,104816,0.71,0,100,0.00,0.00,-13.41,0,0,0.11
laptop,harness,0,75,65536,555896,104816,0.69,0,98,0.00,0.00,-15.85,0,0,0.13
laptop,harness,3,75,65536,555896,104816,0.69,0,100,0.00,0.00,-15.85,0,0,0.13
laptop,harness,7,75,65536,555896,104816,0.7,0,100,0.00,0.00,-14.63,0,0,0.12
laptop,harness,9,75,65536,555896,104816,0.7,0,100,0.00,0.00,-14.63,0,0,0.12
laptop,harness,1,75,65536,555896,104816,0.71,0,100,0.00,0.00,-13.41,0,0,0.11
laptop,harness,2,75,65536,555896,104816,0.71,0,100,0.00,0.00,-13.41,0,0,0.11
laptop,harness,4,75,65536,555896,104816,0.71,0,100,0.00,0.00,-13.41,0,0,0.11
laptop,harness,5,75,65536,555896,104816,0.71,0,100,0.00,0.00,-13.41,0,0,0.11
laptop,harness,6,75,65536,555896,104816,0.71,0,100,0.00,0.00,-13.41,0,0,0.11
laptop,harness,8,75,65536,555896,104816,0.71,0,100,0.00,0.00,-13.41,0,0,0.11
laptop,harness,1,78,false,555896,104816,0.69,0,100,0.00,0.00,-15.85,0,0,0.13
laptop,harness,3,78,false,555896,104816,0.69,0,100,0.00,0.00,-15.85,0,0,0.13
laptop,harness,5,78,false,555896,104816,0.69,0,100,0.00,0.00,-15.85,0,0,0.13
laptop,harness,7,78,false,555896,104816,0.69,0,100,0.00,0.00,-15.85,0,0,0.13
laptop,harness,9,78,false,555896,104816,0.69,0,98,0.00,0.00,-15.85,0,0,0.13
laptop,harness,0,78,false,555896,104816,0.71,0,99,0.00,0.00,-13.41,0,0,0.11
laptop,harness,2,78,false,555896,104816,0.71,0,100,0.00,0.00,-13.41,0,0,0.11
laptop,harness,4,78,false,555896,104816,0.71,0,100,0.00,0.00,-13.41,0,0,0.11
laptop,harness,6,78,false,555896,104816,0.71,0,100,0.00,0.00,-13.41,0,0,0.11
laptop,harness,8,78,false,555896,104816,0.71,0,100,0.00,0.00,-13.41,0,0,0.11
laptop,harness,3,79,true,555896,104816,0.68,0,99,0.00,0.00,-17.07,0,0,0.14
laptop,harness,5,79,true,555896,104816,0.68,0,100,0.00,0.00,-17.07,0,0,0.14
laptop,harness,7,79,true,555896,104816,0.68,0,100,0.00,0.00,-17.07,0,0,0.14
laptop,harness,2,79,true,555896,104816,0.69,0,100,0.00,0.00,-15.85,0,0,0.13
laptop,harness,0,79,true,555896,104816,0.7,0,99,0.00,0.00,-14.63,0,0,0.12
laptop,harness,1,79,true,555896,104816,0.7,0,100,0.00,0.00,-14.63,0,0,0.12
laptop,harness,4,79,true,555896,104816,0.7,0,100,0.00,0.00,-14.63,0,0,0.12
laptop,harness,6,79,true,555896,104816,0.7,0,100,0.00,0.00,-14.63,0,0,0.12
laptop,harness,9,79,true,555896,104816,0.71,0,100,0.00,0.00,-13.41,0,0,0.11
laptop,harness,8,79,true,555896,104816,0.74,0,100,0.00,0.00,-9.76,0,0,0.08
laptop,harness,3,80,2048,555896,104816,0.68,0,100,0.00,0.00,-17.07,0,0,0.14
laptop,harness,1,80,2048,555896,104816,0.69,0,100,0.00,0.00,-15.85,0,0,0.13
laptop,harness,7,80,2048,555896,104816,0.69,0,99,0.00,0.00,-15.85,0,0,0.13
laptop,harness,0,80,2048,555896,104816,0.71,0,100,0.00,0.00,-13.41,0,0,0.11
laptop,harness,2,80,2048,555896,104816,0.71,0,100,0.00,0.00,-13.41,0,0,0.11
laptop,harness,4,80,2048,555896,104816,0.71,0,100,0.00,0.00,-13.41,0,0,0.11
laptop,harness,5,80,2048,555896,104816,0.71,0,100,0.00,0.00,-13.41,0,0,0.11
laptop,harness,6,80,2048,555896,104816,0.71,0,100,0.00,0.00,-13.41,0,0,0.11
laptop,harness,9,80,2048,555896,104816,0.71,0,100,0.00,0.00,-13.41,0,0,0.11
laptop,harness,8,80,2048,555896,104816,0.72,0,100,0.00,0.00,-12.20,0,0,0.1
laptop,harness,0,83,FALSE,555848,104816,0.73,0,100,-0.01,0.00,-10.98,48,0,0.09
laptop,harness,1,83,FALSE,555848,104816,0.72,0,99,-0.01,0.00,-12.20,48,0,0.1
laptop,harness,2,83,FALSE,555848,104816,0.74,0,100,-0.01,0.00,-9.76,48,0,0.08
laptop,harness,3,83,FALSE,555848,104816,0.71,0,100,-0.01,0.00,-13.41,48,0,0.11
laptop,harness,4,83,FALSE,555848,104816,0.74,0,99,-0.01,0.00,-9.76,48,0,0.08
laptop,harness,5,83,FALSE,555848,104816,0.73,0,99,-0.01,0.00,-10.98,48,0,0.09
laptop,harness,6,83,FALSE,555848,104816,0.72,0,100,-0.01,0.00,-12.20,48,0,0.1
laptop,harness,7,83,FALSE,555848,104816,0.74,0,100,-0.01,0.00,-9.76,48,0,0.08
laptop,harness,8,83,FALSE,555848,104816,0.7,0,100,-0.01,0.00,-14.63,48,0,0.12
laptop,harness,9,83,FALSE,555848,104816,0.72,0,100,-0.01,0.00,-12.20,48,0,0.1
laptop,harness,0,84,TRUE,592960,104816,0.62,0,100,6.67,0.00,-24.39,-37064,0,0.2
laptop,harness,1,84,TRUE,592960,104816,0.66,0,100,6.67,0.00,-19.51,-37064,0,0.16
laptop,harness,2,84,TRUE,592960,104816,0.62,0,100,6.67,0.00,-24.39,-37064,0,0.2
laptop,harness,3,84,TRUE,592960,104816,0.64,0,100,6.67,0.00,-21.95,-37064,0,0.18
laptop,harness,4,84,TRUE,592960,104816,0.63,0,100,6.67,0.00,-23.17,-37064,0,0.19
laptop,harness,5,84,TRUE,592960,104816,0.64,0,100,6.67,0.00,-21.95,-37064,0,0.18
laptop,harness,6,84,TRUE,592960,104816,0.64,0,100,6.67,0.00,-21.95,-37064,0,0.18
laptop,harness,7,84,TRUE,592960,104816,0.63,0,100,6.67,0.00,-23.17,-37064,0,0.19
laptop,harness,8,84,TRUE,592960,104816,0.63,0,100,6.67,0.00,-23.17,-37064,0,0.19
laptop,harness,9,84,TRUE,592960,104816,0.62,0,100,6.67,0.00,-24.39,-37064,0,0.2
laptop,harness,0,85,TRUE,560144,104816,0.72,0,99,0.76,0.00,-12.20,-4248,0,0.1
laptop,harness,1,85,TRUE,560144,104816,0.7,0,100,0.76,0.00,-14.63,-4248,0,0.12
laptop,harness,2,85,TRUE,560144,104816,0.72,0,100,0.76,0.00,-12.20,-4248,0,0.1
laptop,harness,3,85,TRUE,560144,104816,0.71,0,100,0.76,0.00,-13.41,-4248,0,0.11
laptop,harness,4,85,TRUE,560144,104816,0.73,0,100,0.76,0.00,-10.98,-4248,0,0.09
laptop,harness,5,85,TRUE,560144,104816,0.7,0,100,0.76,0.00,-14.63,-4248,0,0.12
laptop,harness,6,85,TRUE,560144,104816,0.72,0,100,0.76,0.00,-12.20,-4248,0,0.1
laptop,harness,7,85,TRUE,560144,104816,0.71,0,99,0.76,0.00,-13.41,-4248,0,0.11
laptop,harness,8,85,TRUE,560144,104816,0.71,0,100,0.76,0.00,-13.41,-4248,0,0.11
laptop,harness,9,85,TRUE,560144,104816,0.72,0,100,0.76,0.00,-12.20,-4248,0,0.1
laptop,harness,0,86,TRUE,687016,104816,0.7,0,100,23.59,0.00,-14.63,-131120,0,0.12
laptop,harness,1,86,TRUE,687016,104816,0.72,0,100,23.59,0.00,-12.20,-131120,0,0.1
laptop,harness,2,86,TRUE,687016,104816,0.7,0,99,23.59,0.00,-14.63,-131120,0,0.12
laptop,harness,3,86,TRUE,687016,104816,0.7,0,100,23.59,0.00,-14.63,-131120,0,0.12
laptop,harness,4,86,TRUE,687016,104816,0.72,0,100,23.59,0.00,-12.20,-131120,0,0.1
laptop,harness,5,86,TRUE,687016,104816,0.7,0,100,23.59,0.00,-14.63,-131120,0,0.12
laptop,harness,6,86,TRUE,687016,104816,0.7,0,100,23.59,0.00,-14.63,-131120,0,0.12
laptop,harness,7,86,TRUE,687016,104816,0.71,0,100,23.59,0.00,-13.41,-131120,0,0.11
laptop,harness,8,86,TRUE,687016,104816,0.7,0,100,23.59,0.00,-14.63,-131120,0,0.12
laptop,harness,9,86,TRUE,687016,104816,0.7,0,99,23.59,0.00,-14.63,-131120,0,0.12
laptop,harness,0,11_14,false,514080,115632,0.71,0,100,-7.52,10.32,-13.41,41816,-10816,0.11
laptop,harness,3,11_14,false,514080,115632,0.71,0,100,-7.52,10.32,-13.41,41816,-10816,0.11
laptop,harness,7,11_14,false,514080,115632,0.71,0,100,-7.52,10.32,-13.41,41816,-10816,0.11
laptop,harness,6,11_14,false,514080,115632,0.72,0,100,-7.52,10.32,-12.20,41816,-10816,0.1
laptop,harness,8,11_14,false,514080,115632,0.72,0,100,-7.52,10.32,-12.20,41816,-10816,0.1
laptop,harness,9,11_14,false,514080,115632,0.72,0,100,-7.52,10.32,-12.20,41816,-10816,0.1
laptop,harness,1,11_14,false,514080,115632,0.73,0,99,-7.52,10.32,-10.98,41816,-10816,0.09
laptop,harness,5,11_14,false,514080,115632,0.74,0,100,-7.52,10.32,-9.76,41816,-10816,0.08
laptop,harness,2,11_14,false,514080,115632,0.75,0,100,-7.52,10.32,-8.54,41816,-10816,0.07
laptop,harness,4,11_14,false,514080,115632,0.75,0,100,-7.52,10.32,-8.54,41816,-10816,0.07
laptop,harness,5,11,false,518176,115952,0.69,0,98,-6.79,10.62,-15.85,37720,-11136,0.13
laptop,harness,2,11,false,518176,115952,0.7,0,100,-6.79,10.62,-14.63,37720,-11136,0.12
laptop,harness,8,11,false,518176,115952,0.7,0,100,-6.79,10.62,-14.63,37720,-11136,0.12
laptop,harness,0,11,false,518176,115952,0.71,0,100,-6.79,10.62,-13.41,37720,-11136,0.11
laptop,harness,1,11,false,518176,115952,0.72,0,100,-6.79,10.62,-12.20,37720,-11136,0.1
laptop,harness,3,11,false,518176,115952,0.72,0,100,-6.79,10.62,-12.20,37720,-11136,0.1
laptop,harness,4,11,false,518176,115952,0.72,0,100,-6.79,10.62,-12.20,37720,-11136,0.1
laptop,harness,6,11,false,518176,115952,0.72,0,100,-6.79,10.62,-12.20,37720,-11136,0.1
laptop,harness,7,11,false,518176,115952,0.72,0,100,-6.79,10.62,-12.20,37720,-11136,0.1
laptop,harness,9,11,false,518176,115952,0.72,0,100,-6.79,10.62,-12.20,37720,-11136,0.1